country_code,country_name,config_name,c_rate,cycle_limit,capacity_mwh,npv,levelized_roi,pv_total_profits,capex,annual_profit,wacc,inflation,is_profitable
AT,Austria,C0.5_Cyc0.5,0.5,0.5,2.0,1201698.1004374898,40.042452510937245,1601698.1004374898,400000.0,212613.4125,8.3,3.3,True
AT,Austria,C0.5_Cyc1.0,0.5,1.0,2.0,2803396.2008749796,80.08490502187449,3203396.2008749796,400000.0,425226.825,8.3,3.3,True
AT,Austria,C0.5_Cyc2.0,0.5,2.0,2.0,4405094.30131247,120.12735753281174,4805094.30131247,400000.0,637840.2375,8.3,3.3,True
DE,Germany,C0.5_Cyc0.5,0.5,0.5,2.0,1121424.174312989,38.035604357824724,1521424.174312989,400000.0,212613.4125,8.3,2.0,True
DE,Germany,C0.5_Cyc1.0,0.5,1.0,2.0,2642848.348625978,76.07120871564945,3042848.348625978,400000.0,425226.825,8.3,2.0,True
DE,Germany,C0.5_Cyc2.0,0.5,2.0,2.0,4164272.5229389668,114.10681307347417,4564272.522938967,400000.0,637840.2375,8.3,2.0,True
CH,Switzerland,C0.5_Cyc0.5,0.5,0.5,2.0,1012979.6030474072,35.324490076185185,1412979.6030474072,400000.0,212613.4125,8.3,0.1,True
CH,Switzerland,C0.5_Cyc1.0,0.5,1.0,2.0,2425959.2060948145,70.64898015237037,2825959.2060948145,400000.0,425226.825,8.3,0.1,True
CH,Switzerland,C0.5_Cyc2.0,0.5,2.0,2.0,3838938.8091422217,105.97347022855554,4238938.809142222,400000.0,637840.2375,8.3,0.1,True
