Country,Config,NPV_EUR,ROI_Percent,Annual_Profit_EUR,CAPEX_EUR,Is_Profitable,Capacity_MWh,C_Rate,Cycle_Limit
Austria,C0.5_Cyc0.5,1112034,37.8,173560,400000,True,2.0,0.5,0.5
Austria,C0.5_Cyc1.0,2624068,75.6,405700,400000,True,2.0,0.5,1.0
Austria,C0.5_Cyc2.0,4405094,120.1,637840,400000,True,2.0,0.5,2.0
Germany,C0.5_Cyc0.5,1112034,37.8,173560,400000,True,2.0,0.5,0.5
Germany,C0.5_Cyc1.0,2624068,75.6,405700,400000,True,2.0,0.5,1.0
Germany,C0.5_Cyc2.0,3915102,108.9,578985,400000,True,2.0,0.5,2.0
Switzerland,C0.5_Cyc0.5,1112034,37.8,173560,400000,True,2.0,0.5,0.5
Switzerland,C0.5_Cyc1.0,2624068,75.6,405700,400000,True,2.0,0.5,1.0
Switzerland,C0.5_Cyc2.0,3541775,98.8,520130,400000,True,2.0,0.5,2.0
